,trial_index,arm_name,trial_status,generation_method,AVG_total_loss,Activity_acc,MAE_time:timestamp,concept:name_acc,impact_acc,lifecycle:transition_acc,org:group_acc,org:resource_acc,org:role_acc,organization country_acc,organization involved_acc,product_acc,resource country_acc,time:timestamp_mae,layers,lr,batch_size,weight_decay,aggregation,hid
46,46,10_0,COMPLETED,BoTorch,17.772868797183037,0.7037783265113831,0.02573142573237419,0.7909460663795471,0.9747729301452637,0.7006595730781555,0.9342172741889954,0.1365801990032196,0.7399723529815674,0.9370558857917786,0.36629095673561096,0.4751269221305847,0.8378650546073914,0.02737854855755965,4,0.01,32,0.01,sum,128
18,18,10_0,COMPLETED,BoTorch,18.151233083335683,0.7032745480537415,0.01165485568344593,0.795015275478363,0.9783047437667847,0.7118213772773743,0.9194288849830627,0.1535203903913498,0.724757969379425,0.9456853270530701,0.34170079231262207,0.46192893385887146,0.842900276184082,0.012233996220553914,4,0.01,32,0.01,sum,128
12,12,10_0,COMPLETED,BoTorch,18.265883560447644,0.7032745480537415,0.013424153439700603,0.8001017570495605,0.975782036781311,0.7184170484542847,0.9337073564529419,0.12863948941230774,0.7072383761405945,0.948223352432251,0.3263319432735443,0.4573604166507721,0.8157099485397339,0.014627614834656319,4,0.01,32,0.01,sum,128
17,17,10_0,COMPLETED,BoTorch,18.267527599819005,0.7042821049690247,0.011083962395787239,0.8021363019943237,0.9732593297958374,0.6996448040008545,0.9301377534866333,0.17098994553089142,0.7146150469779968,0.9335025548934937,0.37756145000457764,0.4284264147281647,0.8182275891304016,0.010883869292835394,4,0.01,32,0.01,sum,128
25,25,10_0,COMPLETED,BoTorch,18.38606812634195,0.6690176129341125,0.017422735691070557,0.8001017570495605,0.9717456698417664,0.702688992023468,0.9382968544960022,0.14081524312496185,0.7072383761405945,0.9370558857917786,0.3483606278896332,0.4406091570854187,0.8212487697601318,0.018774454947561026,4,0.01,32,0.01,sum,128
26,26,10_0,COMPLETED,BoTorch,18.517501000935834,0.688664972782135,0.012161441147327423,0.800610363483429,0.9667003154754639,0.6910197734832764,0.896481454372406,0.11911064386367798,0.6998617053031921,0.9522842764854431,0.3647540807723999,0.4203045666217804,0.8202416896820068,0.012873507415254911,4,0.01,32,0.01,sum,128
36,36,10_0,COMPLETED,BoTorch,18.550644332465406,0.6720402836799622,0.010366729460656643,0.7787385582923889,0.9707366228103638,0.6900050640106201,0.9245283603668213,0.17257808148860931,0.7090825438499451,0.9446700811386108,0.4164958894252777,0.39289340376853943,0.826787531375885,0.010254646263395747,4,0.01,32,0.01,sum,128
44,44,10_0,COMPLETED,BoTorch,18.576969262367736,0.7057934403419495,0.014137540943920612,0.8067141771316528,0.9747729301452637,0.6945712566375732,0.9133095741271973,0.11752250045537949,0.7330567240715027,0.9390863180160522,0.2648565471172333,0.4441624581813812,0.843907356262207,0.014800317119807005,4,0.01,32,0.01,sum,128
23,23,10_0,COMPLETED,BoTorch,18.625646161303546,0.6967254281044006,0.009910034947097301,0.7858596444129944,0.9712411761283875,0.7037037014961243,0.9321774840354919,0.1503441035747528,0.696173369884491,0.938071072101593,0.32172128558158875,0.3609137237071991,0.8192346692085266,0.0103679154223452,4,0.01,32,0.01,sum,128
35,35,10_0,COMPLETED,BoTorch,18.628496883437037,0.6977329850196838,0.022305142134428024,0.7934893369674683,0.9727547764778137,0.7042110562324524,0.9321774840354919,0.1619904786348343,0.7196865081787109,0.9431472420692444,0.3642417788505554,0.33908629417419434,0.830312192440033,0.023284342760841053,4,0.01,32,0.01,sum,128
40,40,10_0,COMPLETED,BoTorch,18.65311414950217,0.691183865070343,0.014289015904068947,0.7929806709289551,0.9667003154754639,0.6966006755828857,0.9337073564529419,0.15616728365421295,0.6828031539916992,0.9578680396080017,0.3785860538482666,0.39593908190727234,0.830312192440033,0.015276739839464426,4,0.01,32,0.01,sum,128
10,10,10_0,COMPLETED,BoTorch,18.676356927802164,0.6851385235786438,0.012349504046142101,0.7889115214347839,0.9712411761283875,0.6996448040008545,0.9015808701515198,0.14028586447238922,0.6989396214485168,0.9639593958854675,0.3898565471172333,0.35989847779273987,0.8333333134651184,0.012624142070611319,4,0.01,32,0.01,sum,128
13,13,10_0,COMPLETED,BoTorch,18.691994460765272,0.6992443203926086,0.014070781879127026,0.8062055110931396,0.9586276412010193,0.7174023389816284,0.9291178584098816,0.17098994553089142,0.6994006633758545,0.948731005191803,0.38831964135169983,0.3954314887523651,0.829305112361908,0.014430235295246044,4,0.01,32,0.01,sum,128
19,19,10_0,COMPLETED,BoTorch,18.796006659977138,0.698740541934967,0.021567143499851227,0.7909460663795471,0.9717456698417664,0.6966006755828857,0.9275879859924316,0.12599259614944458,0.7090825438499451,0.9492385983467102,0.3857581615447998,0.40761423110961914,0.830312192440033,0.02203583810478449,4,0.01,32,0.01,sum,128
41,41,10_0,COMPLETED,BoTorch,18.81675928318873,0.7158690094947815,0.011277266778051853,0.8168870806694031,0.9798183441162109,0.710806667804718,0.914329469203949,0.15404976904392242,0.6749654412269592,0.9451776742935181,0.337602436542511,0.4441624581813812,0.8277945518493652,0.011871826990197102,4,0.01,32,0.01,sum,128
38,38,10_0,COMPLETED,BoTorch,18.823703376421083,0.6841309666633606,0.012984074652194977,0.7909460663795471,0.9601412415504456,0.6686960458755493,0.9036206603050232,0.1826363205909729,0.7206085920333862,0.938578724861145,0.4164958894252777,0.4091370701789856,0.8207452297210693,0.013476707506924868,4,0.01,32,0.01,sum,128
14,14,10_0,COMPLETED,BoTorch,18.841381104973454,0.7037783265113831,0.018780440092086792,0.800610363483429,0.9772956371307373,0.7204464673995972,0.9178990721702576,0.14875595271587372,0.6837252378463745,0.9451776742935181,0.38729506731033325,0.4598985016345978,0.8091641664505005,0.019022963630656402,4,0.01,32,0.01,sum,128
31,31,10_0,COMPLETED,BoTorch,18.886701581534,0.7017632126808167,0.017102602869272232,0.8026449680328369,0.975782036781311,0.7204464673995972,0.9189189672470093,0.10481736809015274,0.7399723529815674,0.9411167502403259,0.3647540807723999,0.36192893981933594,0.8308157324790955,0.01820062209541599,4,0.01,32,0.01,sum,128
11,11,10_0,COMPLETED,BoTorch,18.904734641779214,0.6826196312904358,0.015674876049160957,0.8026449680328369,0.9687184691429138,0.7113140225410461,0.8939316868782043,0.1535203903913498,0.7058552503585815,0.938071072101593,0.41495898365974426,0.3604061007499695,0.8101711869239807,0.016501860537876684,4,0.01,32,0.01,sum,128
48,48,10_0,COMPLETED,BoTorch,18.93016964290291,0.7078085541725159,0.028815776109695435,0.797049880027771,0.9692230224609375,0.7052257657051086,0.9286078810691833,0.14452090859413147,0.7035500407218933,0.9416244029998779,0.37397539615631104,0.3857868015766144,0.8237663507461548,0.028813287305335205,4,0.01,32,0.01,sum,128
39,39,10_0,COMPLETED,BoTorch,18.967063288437203,0.7027707695960999,0.006840731482952833,0.7980671525001526,0.9727547764778137,0.6849315166473389,0.9291178584098816,0.09952355921268463,0.6823421120643616,0.9492385983467102,0.18698769807815552,0.34263959527015686,0.8393756151199341,0.0071390723654379444,4,0.01,32,0.01,sum,128
43,43,10_0,COMPLETED,BoTorch,19.002030848292634,0.6952140927314758,0.01100683119148016,0.8062055110931396,0.9783047437667847,0.7204464673995972,0.894951581954956,0.1349920630455017,0.6998617053031921,0.9345178008079529,0.30122947692871094,0.4152284264564514,0.8147029280662537,0.01186938094906509,4,0.01,32,0.01,sum,128
37,37,10_0,COMPLETED,BoTorch,19.003389349983383,0.6831234097480774,0.01306215114891529,0.7990844249725342,0.97426837682724,0.7189244031906128,0.9275879859924316,0.11858126521110535,0.710465669631958,0.9441624879837036,0.3027663826942444,0.3431472182273865,0.8328298330307007,0.013625235141565403,4,0.01,32,0.01,sum,128
47,47,10_0,COMPLETED,BoTorch,19.026217728232343,0.6599496006965637,0.011297007091343403,0.7655137181282043,0.97225022315979,0.6920344829559326,0.9158592820167542,0.14875595271587372,0.7136929631233215,0.948223352432251,0.34938523173332214,0.41624367237091064,0.8212487697601318,0.01180575912197431,4,0.01,32,0.01,sum,128
27,27,10_0,COMPLETED,BoTorch,19.055432281456888,0.7088161110877991,0.0328531451523304,0.8016276955604553,0.9712411761283875,0.7031963467597961,0.9250382781028748,0.14452090859413147,0.6970954537391663,0.9431472420692444,0.32889342308044434,0.41065990924835205,0.8358509540557861,0.0338019918029507,4,0.01,32,0.01,sum,128
24,24,10_0,COMPLETED,BoTorch,19.125363637770835,0.6841309666633606,0.008253016509115696,0.8056968450546265,0.9667003154754639,0.7102993130683899,0.8857725858688354,0.16463737189769745,0.6841862797737122,0.9324873089790344,0.3119876980781555,0.37055838108062744,0.829305112361908,0.008237419417127967,4,0.01,32,0.01,sum,128
30,30,10_0,COMPLETED,BoTorch,19.134483160451055,0.6896725296974182,0.013072495348751545,0.7706001996994019,0.9687184691429138,0.7021816372871399,0.9097399711608887,0.09846479445695877,0.6694329380989075,0.9228426814079285,0.2873975336551666,0.34568527340888977,0.8368580341339111,0.01316328284641107,4,0.01,32,0.01,sum,128
20,20,10_0,COMPLETED,BoTorch,19.14762971449333,0.6821158528327942,0.008746319450438023,0.7995930910110474,0.9621593952178955,0.6869609355926514,0.9286078810691833,0.16781365871429443,0.7196865081787109,0.9456853270530701,0.3719262182712555,0.40152284502983093,0.8212487697601318,0.008802500475818912,4,0.01,32,0.01,sum,128
21,21,10_0,COMPLETED,BoTorch,19.16952592522527,0.6675062775611877,0.011035691015422344,0.8062055110931396,0.9767910838127136,0.7097919583320618,0.9127996563911438,0.12069878727197647,0.6574458479881287,0.9538071155548096,0.29354506731033325,0.3360406160354614,0.8232628107070923,0.011550169282903274,4,0.01,32,0.01,sum,128
15,15,10_0,COMPLETED,BoTorch,19.23146267157669,0.6947103142738342,0.0167173370718956,0.7980671525001526,0.9687184691429138,0.7168949842453003,0.9209587574005127,0.15722604095935822,0.686952531337738,0.9472081661224365,0.3811475336551666,0.40507614612579346,0.8348439335823059,0.01742940939341982,4,0.01,32,0.01,sum,128
33,33,10_0,COMPLETED,BoTorch,19.26932603990038,0.7017632126808167,0.009855596348643303,0.7792472243309021,0.9672048091888428,0.6981227397918701,0.9265680909156799,0.12863948941230774,0.702627956867218,0.9426395893096924,0.3847335875034332,0.35685279965400696,0.8363544940948486,0.010457560420036316,4,0.01,32,0.01,sum,128
42,42,10_0,COMPLETED,BoTorch,19.38264129993816,0.6831234097480774,0.012080485001206398,0.7828077673912048,0.9707366228103638,0.6971080303192139,0.9388067722320557,0.1312863975763321,0.704011082649231,0.9446700811386108,0.35245898365974426,0.3944162428379059,0.8212487697601318,0.012521694103876749,4,0.01,32,0.01,sum,128
28,28,10_0,COMPLETED,BoTorch,19.459092260027926,0.693702757358551,0.020947126671671867,0.8021363019943237,0.9717456698417664,0.685438871383667,0.9127996563911438,0.1551085263490677,0.7321346402168274,0.9492385983467102,0.36629095673561096,0.3893401026725769,0.8212487697601318,0.021223583879570167,4,0.01,32,0.01,sum,128
32,32,10_0,COMPLETED,BoTorch,19.47368297399953,0.6871536374092102,0.008557002060115337,0.808748722076416,0.977800190448761,0.7138507962226868,0.9326874613761902,0.1466384381055832,0.7053942084312439,0.938071072101593,0.3673155605792999,0.3131979703903198,0.8373615145683289,0.00890081732844313,4,0.01,32,0.01,sum,128
29,29,10_0,COMPLETED,BoTorch,19.53860739742716,0.7052896618843079,0.02988370694220066,0.7985758185386658,0.9712411761283875,0.714865505695343,0.9148393869400024,0.14028586447238922,0.7127708792686462,0.9355330467224121,0.3575819432735443,0.37157362699508667,0.8101711869239807,0.030267055456837017,4,0.01,32,0.01,sum,128
22,22,10_0,COMPLETED,BoTorch,19.924420553880434,0.696221649646759,0.00898589938879013,0.8158698081970215,0.9677093625068665,0.7189244031906128,0.8969913721084595,0.115934357047081,0.5804518461227417,0.9319797158241272,0.2879098057746887,0.2979695498943329,0.8131923675537109,0.009192961578567823,4,0.01,32,0.01,sum,128
16,16,10_0,COMPLETED,BoTorch,20.055898477633793,0.6992443203926086,0.010151812806725502,0.7726348042488098,0.9772956371307373,0.7092846035957336,0.9296277761459351,0.13340391218662262,0.6920239925384521,0.9436548352241516,0.3048155605792999,0.3213198184967041,0.8152064681053162,0.010277352295815945,4,0.01,32,0.01,sum,128
3,3,3_0,COMPLETED,Sobol,20.844372400082648,0.7224181294441223,0.011791335418820381,0.7594099640846252,0.9550958275794983,0.7163876295089722,0.8755737543106079,0.048703018575906754,0.7127708792686462,0.9340101480484009,0.18288932740688324,0.34517768025398254,0.8282980918884277,0.011863858439028263,2,0.0008802227321016593,64,0.01281482433257483,sum,128
34,34,34_0,COMPLETED,BoTorch,21.07541864652497,0.6639798283576965,0.007907640188932419,0.7548321485519409,0.9656912088394165,0.6681886911392212,0.9005609750747681,0.013763896189630032,0.6906408667564392,0.9406091570854187,0.1741803139448166,0.3126903772354126,0.8378650546073914,0.008111133317773541,2,0.01,32,0.01,max,128
4,4,4_0,COMPLETED,Sobol,21.145009647899617,0.7214105725288391,0.011818849481642246,0.7965412139892578,0.9672048091888428,0.7158802151679993,0.8709842562675476,0.029645316302776337,0.6800369024276733,0.9390863180160522,0.22643440961837769,0.34771573543548584,0.8187311291694641,0.01209365064278245,2,0.006798744489941672,512,0.014659497468558654,sum,128
9,9,9_0,COMPLETED,Sobol,21.275574690351885,0.6750629544258118,0.05410575121641159,0.747202455997467,0.9712411761283875,0.684424102306366,0.8954615592956543,0.10217045992612839,0.7233748435974121,0.921319842338562,0.21772539615631104,0.22487309575080872,0.7895267009735107,0.05421274652083715,4,0.0007123006581692218,32,0.016368037085418573,sum,128
49,49,49_0,COMPLETED,BoTorch,24.141167281816404,0.6866498589515686,0.05039451643824577,0.7990844249725342,0.9747729301452637,0.7174023389816284,0.9000510573387146,0.0698782429099083,0.6749654412269592,0.938578724861145,0.15215162932872772,0.24365483224391937,0.8217522501945496,0.050630416721105576,4,0.0001,512,0.01,sum,128
5,5,5_0,COMPLETED,Sobol,25.313848924202222,0.6528967022895813,0.012814715504646301,0.7517802715301514,0.9419777989387512,0.6438356041908264,0.8592554926872253,0.049232397228479385,0.3503918945789337,0.8720812201499939,0.08555327355861664,0.07360406219959259,0.599194347858429,0.013516271176437536,4,0.00035047997672635827,64,0.039436578351773444,max,128
1,1,1_0,COMPLETED,Sobol,25.430397985503078,0.6418136358261108,0.013453587889671326,0.7324516773223877,0.9702320694923401,0.6539827585220337,0.8776134848594666,0.05029115825891495,0.4988473951816559,0.9121827483177185,0.08094261586666107,0.09187817573547363,0.7280966639518738,0.013913423443833986,4,0.00029413132884013236,512,0.020455714056727532,max,128
8,8,8_0,COMPLETED,Sobol,25.614819946233183,0.5959697961807251,0.012483793310821056,0.681078314781189,0.9429868459701538,0.6194824576377869,0.8791433572769165,0.0010587612632662058,0.3937298357486725,0.8380711078643799,0.022028686478734016,0.0,0.7432023882865906,0.012821227156867584,2,0.003285171097957902,64,0.03300587986238524,max,128
2,2,2_0,COMPLETED,Sobol,25.78909714364757,0.5566750764846802,0.020772675052285194,0.6378433704376221,0.8743693232536316,0.5580922961235046,0.8465068936347961,0.05029115825891495,0.34485939145088196,0.8081218600273132,0.0799180269241333,0.04060913622379303,0.6032225489616394,0.021578648127615452,4,0.0048542703684471035,32,0.045971850882169055,max,128
6,6,6_0,COMPLETED,Sobol,26.190532483005274,0.6287153959274292,0.017146741971373558,0.7355035543441772,0.9697275161743164,0.6311516761779785,0.8720040917396545,0.049232397228479385,0.33702167868614197,0.8238579034805298,0.0799180269241333,0.09238579124212265,0.5725075602531433,0.016963944925616186,4,0.0021138872518101184,512,0.031203678344553825,max,128
7,7,7_0,COMPLETED,Sobol,26.85301345679909,0.701259434223175,0.017109869047999382,0.7721261382102966,0.912714421749115,0.7021816372871399,0.8607853651046753,0.0,0.21254034340381622,0.7913705706596375,0.0020491802133619785,0.0,0.7109768390655518,0.017453013298412163,2,0.00011271059564696324,32,0.06295743798248213,sum,128
0,0,0_0,COMPLETED,Sobol,27.382583398061495,0.6282116174697876,0.0233541801571846,0.7110885381698608,0.8113017082214355,0.6555048227310181,0.8225395679473877,0.0,0.21300138533115387,0.7954314947128296,0.0005122950533404946,0.0,0.6253776550292969,0.023792429206271965,2,0.0014528509914685322,64,0.09787123410578823,sum,128
45,45,45_0,COMPLETED,BoTorch,30.995608399311703,0.444836288690567,0.03639381006360054,0.5915564894676208,0.719475269317627,0.4510400593280792,0.6955634951591492,0.0,0.20285846292972565,0.4441624581813812,0.0,0.0,0.599194347858429,0.037017365296681724,4,0.0001,32,0.1,max,128
