,trial_index,arm_name,trial_status,generation_method,AVG_total_loss,Activity_acc,DEVICETYPE_acc,MAE_time:timestamp,REPAIR_IN_TIME_5D_acc,org:resource_acc,time:timestamp_mae,layers,lr,batch_size,weight_decay,aggregation,hid
49,49,39_0,COMPLETED,BoTorch,1.026718486341359,0.730694591999054,0.9781968593597412,0.019747549667954445,0.9957185983657837,0.9858077764511108,0.0196394084972693,4,0.0001,128,0.01,sum,128
38,38,38_0,COMPLETED,BoTorch,1.0273509569693964,0.7341501712799072,0.9733977913856506,0.0159774087369442,0.9922760128974915,0.9867185354232788,0.015846279258018032,4,0.0001,128,0.010035543835777015,sum,128
48,48,39_0,COMPLETED,BoTorch,1.029358332753829,0.7347606420516968,0.9761354327201843,0.014939216896891594,0.99461829662323,0.9860479831695557,0.014811005659979136,4,0.0001,128,0.01,sum,128
47,47,39_0,COMPLETED,BoTorch,1.0298871460114232,0.7394480109214783,0.973365068435669,0.015397767536342144,0.9937140941619873,0.9869287610054016,0.0152751496572167,4,0.0001,128,0.01,sum,128
44,44,44_0,COMPLETED,BoTorch,1.0306186293411184,0.7320353984832764,0.9745648503303528,0.015183482319116592,0.993365466594696,0.9860379695892334,0.015053889646946907,4,0.0001,128,0.010668932544516193,sum,128
45,45,39_0,COMPLETED,BoTorch,1.031887548167587,0.7301713824272156,0.974652111530304,0.015022752806544304,0.9944657683372498,0.9858378171920776,0.014894252781193445,4,0.0001,128,0.01,sum,128
46,46,39_0,COMPLETED,BoTorch,1.0417915624323586,0.7275115847587585,0.9759718179702759,0.01824808306992054,0.9947272539138794,0.9861180186271667,0.018113183407959612,4,0.0001,128,0.01,sum,128
39,39,39_0,COMPLETED,BoTorch,1.0490016066220236,0.729408323764801,0.9741285443305969,0.01621132902801037,0.9953373074531555,0.9860079288482666,0.01609517416025308,4,0.0001,128,0.01,sum,128
42,42,42_0,COMPLETED,BoTorch,1.0516124077323068,0.733332633972168,0.974335789680481,0.014947851188480854,0.9955224990844727,0.9856076240539551,0.014821369280630254,4,0.0001,128,0.010783840956595231,sum,128
37,37,37_0,COMPLETED,BoTorch,1.0540125657154376,0.7305638194084167,0.9744012355804443,0.015158852562308311,0.995838463306427,0.9845166802406311,0.015034067827989073,4,0.0001,128,0.011928272625225212,sum,128
43,43,43_0,COMPLETED,BoTorch,1.0557481367240615,0.7323624491691589,0.9725361466407776,0.017571521922945976,0.991927444934845,0.9839861989021301,0.0174602148830293,4,0.0001,128,0.010681910476987846,sum,128
19,19,19_0,COMPLETED,BoTorch,1.0624886542038225,0.7363848686218262,0.9713254570960999,0.015104636549949646,0.9951630234718323,0.9835458397865295,0.014977436904910015,4,0.0005914924199700954,128,0.012320718514611887,sum,128
15,15,15_0,COMPLETED,BoTorch,1.0722151205645885,0.7285035252571106,0.9739540219306946,0.01504164282232523,0.995838463306427,0.9831554889678955,0.014909367778034692,4,0.0005941650824492767,128,0.012217086320562518,sum,128
25,25,25_0,COMPLETED,BoTorch,1.0757416708066183,0.7334089279174805,0.9701802134513855,0.014942445792257786,0.992145299911499,0.9864883422851562,0.01481528010998758,4,0.0006895384900185312,128,0.012179685019799527,sum,128
29,29,29_0,COMPLETED,BoTorch,1.076460488810438,0.7333217263221741,0.9697766304016113,0.015928521752357483,0.9951303005218506,0.9847669005393982,0.01579611320023669,4,0.00010029864683155146,128,0.013263328032213317,sum,128
34,34,34_0,COMPLETED,BoTorch,1.0788818995049971,0.7261271476745605,0.9748920202255249,0.015104157850146294,0.9959473609924316,0.983315646648407,0.014972886840070792,4,0.0001,128,0.01258733640615132,sum,128
31,31,31_0,COMPLETED,BoTorch,1.0793807562577593,0.7295390963554382,0.973354160785675,0.01626046933233738,0.9957621693611145,0.9846867918968201,0.016127599555162346,4,0.0001,128,0.012859088313094126,sum,128
17,17,17_0,COMPLETED,BoTorch,1.080530865706832,0.7275551557540894,0.9737904667854309,0.014874852262437344,0.9956532120704651,0.9851171970367432,0.014746684329534437,4,0.0005836414620821813,128,0.012282017786800263,sum,128
23,23,23_0,COMPLETED,BoTorch,1.0809465191385554,0.7330927848815918,0.973572313785553,0.015229160897433758,0.995664119720459,0.9827051162719727,0.015097536198311749,4,0.0006404856014769098,128,0.012199890368767634,sum,128
35,35,35_0,COMPLETED,BoTorch,1.0813518399547009,0.7315884828567505,0.9748702645301819,0.016516728326678276,0.992123544216156,0.984436571598053,0.01640007614636206,4,0.0001,128,0.012591234801098044,sum,128
27,27,27_0,COMPLETED,BoTorch,1.0822445785298067,0.7262579798698425,0.9728851318359375,0.015353535301983356,0.9952828288078308,0.9848068952560425,0.015227937265324162,4,0.000613384995561898,128,0.012199335365654672,sum,128
33,33,33_0,COMPLETED,BoTorch,1.0844541825061504,0.7254294753074646,0.9743139743804932,0.015000935643911362,0.9949777722358704,0.9849770665168762,0.014871832597776649,4,0.0001,128,0.012565743212114844,sum,128
13,13,13_0,COMPLETED,BoTorch,1.0901677969340136,0.732482373714447,0.9745212197303772,0.014919290319085121,0.9915788173675537,0.9874892234802246,0.01479135680430753,4,0.0009926131915241538,128,0.011732875919792923,sum,128
21,21,21_0,COMPLETED,BoTorch,1.0944774319843593,0.7277840971946716,0.974226713180542,0.014910812489688396,0.9957948923110962,0.9829853773117065,0.014783479946909503,4,0.000630551430426622,128,0.012188849009715372,sum,128
20,20,20_0,COMPLETED,BoTorch,1.0961756109469196,0.7251896858215332,0.9689040780067444,0.014860153198242188,0.9943023324012756,0.9843465089797974,0.01473083521767375,4,0.0006053979410294067,128,0.012194396551974622,sum,128
24,24,24_0,COMPLETED,BoTorch,1.1058525853774157,0.7236308455467224,0.9713690876960754,0.014969288371503353,0.9913500547409058,0.9841563701629639,0.01483997475184042,4,0.0006926275228669292,128,0.012166001052364418,sum,128
32,32,32_0,COMPLETED,BoTorch,1.1074743047132491,0.7160765528678894,0.9756337404251099,0.015350786037743092,0.9958166480064392,0.9852072596549988,0.015228222914906667,4,0.0001,128,0.012807101433556877,sum,128
22,22,22_0,COMPLETED,BoTorch,1.109243232294927,0.7248844504356384,0.9653156995773315,0.01508733257651329,0.9958493113517761,0.9845266938209534,0.014961203290049963,4,0.0006676396783909669,128,0.012174810261464976,sum,128
28,28,28_0,COMPLETED,BoTorch,1.1092619113325275,0.7168832421302795,0.9735832214355469,0.01491878367960453,0.9915788173675537,0.9841863512992859,0.014791667406611583,4,0.0008115114149048569,128,0.012066472934356977,sum,128
14,14,14_0,COMPLETED,BoTorch,1.1105591894555737,0.7180060148239136,0.9710636734962463,0.015003889799118042,0.9957512617111206,0.9818543791770935,0.0148773953781767,4,0.0005241017163257376,128,0.012011728854208323,sum,128
26,26,26_0,COMPLETED,BoTorch,1.1175344472241782,0.7209056615829468,0.9703656435012817,0.01502151507884264,0.9921888709068298,0.9847468733787537,0.014891197489086478,4,0.0007643320858765761,128,0.012163322482357478,sum,128
12,12,12_0,COMPLETED,BoTorch,1.118763859259876,0.7228460311889648,0.9737359285354614,0.016818610951304436,0.9911975264549255,0.9834157228469849,0.016684720057366605,4,0.0003482700582703577,128,0.013728806410148496,sum,128
18,18,18_0,COMPLETED,BoTorch,1.1259355393953043,0.7196847796440125,0.9692531228065491,0.015714701265096664,0.9942370057106018,0.9814240336418152,0.01559170417706756,4,0.0006061473037857553,128,0.012192525940992297,sum,128
36,36,36_0,COMPLETED,BoTorch,1.1318927760868467,0.7069198489189148,0.9729833006858826,0.015408906154334545,0.9955007433891296,0.9846767783164978,0.015286467348120827,4,0.0001,128,0.012543225373955509,sum,128
16,16,16_0,COMPLETED,BoTorch,1.133186109649157,0.7178534269332886,0.9728633165359497,0.014998127706348896,0.9947599172592163,0.9874391555786133,0.014870344623823695,4,0.0006387324458570409,128,0.012029972423548602,sum,128
30,30,30_0,COMPLETED,BoTorch,1.1616365083650173,0.7056771516799927,0.9691331386566162,0.015929823741316795,0.9928425550460815,0.9826750755310059,0.015805549104075462,4,0.0001,512,0.013135247666034341,sum,128
11,11,11_0,COMPLETED,BoTorch,1.1635623826772312,0.7174064517021179,0.9720780253410339,0.018563520163297653,0.9929078817367554,0.9791020154953003,0.018430737322843806,4,0.00028679738879686237,128,0.014822526824782453,sum,128
10,10,10_0,COMPLETED,BoTorch,1.1893313936777115,0.7158585786819458,0.963221549987793,0.015395537950098515,0.9945093393325806,0.9830353856086731,0.01526989254049638,4,0.0004234272612607979,128,0.015770334341125222,sum,128
9,9,9_0,COMPLETED,Sobol,1.2038951906671918,0.7060042023658752,0.9647485017776489,0.015488069504499435,0.989683210849762,0.9790319204330444,0.015363381869274186,4,0.0007123006581692218,128,0.016368037085418573,sum,128
3,3,3_0,COMPLETED,Sobol,2.0311721484649947,0.6296982765197754,0.8939182758331299,0.015578541904687881,0.9841598868370056,0.9541805982589722,0.015444033505285488,2,0.0008802227321016593,256,0.01281482433257483,sum,128
4,4,4_0,COMPLETED,Sobol,2.1540699450368868,0.6246075630187988,0.889915406703949,0.0160395335406065,0.9840400218963623,0.9513681530952454,0.015907384101600253,2,0.006798744489941672,512,0.014659497468558654,sum,128
41,41,41_0,COMPLETED,BoTorch,2.661474392228924,0.5858005881309509,0.7591837644577026,0.013626612722873688,0.9840400218963623,0.9550913572311401,0.013513833331691231,2,0.0001,512,0.01,max,128
7,7,7_0,COMPLETED,Sobol,4.30984024806471,0.45598238706588745,0.4692640006542206,0.016235411167144775,0.9840400218963623,0.9421802759170532,0.016097995122635666,2,0.00011271059564696324,128,0.06295743798248213,sum,128
8,8,8_0,COMPLETED,Sobol,4.3944386120295444,0.29244789481163025,0.5151171684265137,0.01634548418223858,0.9840400218963623,0.9552715420722961,0.016207492445909324,2,0.003285171097957902,256,0.03300587986238524,max,128
6,6,6_0,COMPLETED,Sobol,4.5319366734873325,0.16280414164066315,0.32240086793899536,0.016767825931310654,0.9958275556564331,0.9798626899719238,0.016639078857705873,4,0.0021138872518101184,512,0.031203678344553825,max,128
1,1,1_0,COMPLETED,Sobol,4.7312755097833055,0.5687189698219299,0.14771388471126556,0.015055222436785698,0.9923087358474731,0.9782212376594543,0.014926006810186819,4,0.00029413132884013236,512,0.020455714056727532,max,128
2,2,2_0,COMPLETED,Sobol,4.768123266885411,0.14744484424591064,0.33077746629714966,0.016689356416463852,0.992145299911499,0.9744380116462708,0.016550489124234388,4,0.0048542703684471035,128,0.045971850882169055,max,128
40,40,40_0,COMPLETED,BoTorch,5.019067836751075,0.5434725880622864,0.13962087035179138,0.016486691311001778,0.992145299911499,0.9643393158912659,0.016368466807917797,4,0.0001,512,0.1,sum,128
5,5,5_0,COMPLETED,Sobol,5.14494141233328,0.4317716062068939,0.14004625380039215,0.015520112589001656,0.9912410974502563,0.9671317338943481,0.015386835500139763,4,0.00035047997672635827,256,0.039436578351773444,max,128
0,0,0_0,COMPLETED,Sobol,5.439745298751137,0.27388375997543335,0.23217792809009552,0.016083480790257454,0.9840400218963623,0.874942421913147,0.015949946145880668,2,0.0014528509914685322,256,0.09787123410578823,sum,128
