,trial_index,arm_name,trial_status,generation_method,(case) AMOUNT_REQ_mae,AVG_total_loss,Activity_acc,MAE_(case) AMOUNT_REQ,MAE_time:timestamp,concept:name_acc,lifecycle:transition_acc,org:resource_acc,time:timestamp_mae,layers,lr,batch_size,weight_decay,aggregation,hid
72,72,12_0,COMPLETED,BoTorch,0.041755149014366486,2.4146902092090508,0.8976842164993286,0.040834154933691025,0.019313743337988853,0.8966385126113892,0.9588664770126343,0.7253661155700684,0.019186838991144328,4,0.0001,128,0.01,sum,128
68,68,12_0,COMPLETED,BoTorch,0.04058927254190723,2.42535175047634,0.8939598202705383,0.03958387300372124,0.011891264468431473,0.8961808681488037,0.9589451551437378,0.7233706712722778,0.011828793493072384,4,0.0001,128,0.01,sum,128
86,86,12_0,COMPLETED,BoTorch,0.044383387614801095,2.425684684399262,0.8898022770881653,0.0435565747320652,0.011446885764598846,0.8965675234794617,0.958787739276886,0.7249007821083069,0.011394216163644513,4,0.0001,128,0.01,sum,128
12,12,12_0,COMPLETED,BoTorch,0.040380792023198116,2.4379557120857887,0.8951094150543213,0.03946598246693611,0.023378727957606316,0.8929929733276367,0.957764744758606,0.7237728834152222,0.023226670559170177,4,0.0001,128,0.01,sum,128
91,91,12_0,COMPLETED,BoTorch,0.04730342361099512,2.438140835151872,0.890274703502655,0.04652877524495125,0.012818284332752228,0.8954864740371704,0.9563797116279602,0.7207047939300537,0.012732969081589898,4,0.0001,128,0.01,sum,128
56,56,12_0,COMPLETED,BoTorch,0.04361894488045313,2.440226988396743,0.8895109295845032,0.04260688275098801,0.016254685819149017,0.8965280652046204,0.958016574382782,0.7238517999649048,0.016132154746107685,4,0.0001,128,0.01,sum,128
71,71,12_0,COMPLETED,BoTorch,0.04504486034145054,2.441621778514779,0.8922590017318726,0.04416491091251373,0.014069845899939537,0.8913595676422119,0.9588507413864136,0.7239069938659668,0.014043071479039285,4,0.0001,128,0.01,sum,128
88,88,12_0,COMPLETED,BoTorch,0.04535747565401411,2.4449485566792557,0.886101484298706,0.04455387964844704,0.013779663480818272,0.8901917338371277,0.9568597674369812,0.7224478721618652,0.013722735701255429,4,0.0001,128,0.01,sum,128
77,77,12_0,COMPLETED,BoTorch,0.035135026731826724,2.453280842853981,0.8882431983947754,0.034232474863529205,0.010504673235118389,0.8969699144363403,0.9585989117622375,0.7184884548187256,0.01043061922910144,4,0.0001,128,0.01,sum,128
74,74,12_0,COMPLETED,BoTorch,0.049277468105253665,2.4571425468452928,0.894668459892273,0.048148609697818756,0.017928078770637512,0.8968831300735474,0.9569777846336365,0.7245064377784729,0.01782587087414797,4,0.0001,128,0.01,sum,128
59,59,12_0,COMPLETED,BoTorch,0.03968481222185695,2.458832668022985,0.8953141570091248,0.03876775875687599,0.013924607075750828,0.8940661549568176,0.9554589986801147,0.7218011021614075,0.013780147262206935,4,0.0001,128,0.01,sum,128
17,17,12_0,COMPLETED,BoTorch,0.04403247387663832,2.4622208703200794,0.8894321918487549,0.04308062046766281,0.0160062275826931,0.8911938667297363,0.9567495584487915,0.7242698073387146,0.015920568402241736,4,0.0001,128,0.01,sum,128
92,92,12_0,COMPLETED,BoTorch,0.060236090776121735,2.462628992735544,0.8891093730926514,0.059552330523729324,0.01548268273472786,0.8948236703872681,0.9578670263290405,0.7272196412086487,0.015378073626423924,4,0.0001,128,0.01,sum,128
28,28,12_0,COMPLETED,BoTorch,0.05303098044349152,2.46365861649833,0.8952117562294006,0.052093327045440674,0.013013110496103764,0.8965595960617065,0.9579614996910095,0.72016841173172,0.012932287556236809,4,0.0001,128,0.01,sum,128
65,65,12_0,COMPLETED,BoTorch,0.04369658566287999,2.463785275084518,0.8890463709831238,0.042809221893548965,0.014567172154784203,0.8973250389099121,0.9591497778892517,0.7142214775085449,0.01445624471904294,4,0.0001,128,0.01,sum,128
38,38,12_0,COMPLETED,BoTorch,0.0539673524501833,2.4646530410238694,0.8927708268165588,0.05301399156451225,0.014913871884346008,0.8930560946464539,0.9577175378799438,0.7245774269104004,0.01484820705124186,4,0.0001,128,0.01,sum,128
26,26,12_0,COMPLETED,BoTorch,0.04466015749692338,2.4658730088832597,0.8894636631011963,0.043775755912065506,0.012547938153147697,0.8923932909965515,0.958150327205658,0.7189222574234009,0.012460597148798044,4,0.0001,128,0.01,sum,128
73,73,12_0,COMPLETED,BoTorch,0.06021801020624568,2.466839976129529,0.8968889713287354,0.05920333415269852,0.01458786241710186,0.8980194330215454,0.9580952525138855,0.7262179255485535,0.014531858581868768,4,0.0001,128,0.01,sum,128
45,45,12_0,COMPLETED,BoTorch,0.0435309390745406,2.4725152851869034,0.8930385112762451,0.04267202317714691,0.014640389010310173,0.8963149785995483,0.958150327205658,0.7182754874229431,0.01457070943546816,4,0.0001,128,0.01,sum,128
21,21,12_0,COMPLETED,BoTorch,0.043094437605547674,2.4742218487018954,0.8912826180458069,0.04207870364189148,0.012202521786093712,0.8936715722084045,0.9578670263290405,0.7168400287628174,0.0121583451327045,4,0.0001,128,0.01,sum,128
61,61,12_0,COMPLETED,BoTorch,0.045862210534730004,2.4753364335781742,0.8902668356895447,0.04494871571660042,0.029583478346467018,0.893064022064209,0.9559705257415771,0.7225819230079651,0.029517288744738957,4,0.0001,128,0.01,sum,128
50,50,12_0,COMPLETED,BoTorch,0.06402483868222793,2.4791261298780882,0.893542468547821,0.06323911994695663,0.023858120664954185,0.8932297229766846,0.958630383014679,0.7247982621192932,0.023692468199336413,4,0.0001,128,0.01,sum,128
66,66,12_0,COMPLETED,BoTorch,0.05637886610279963,2.480118842524232,0.8915424346923828,0.05522168055176735,0.018740417435765266,0.8922985792160034,0.95603346824646,0.7196794152259827,0.01869580551113897,4,0.0001,128,0.01,sum,128
19,19,12_0,COMPLETED,BoTorch,0.0505697091010589,2.4841961426280657,0.8931329846382141,0.04965838044881821,0.013974225148558617,0.8936558365821838,0.9581896662712097,0.7170687317848206,0.013904516051695185,4,0.0001,128,0.01,sum,128
62,62,12_0,COMPLETED,BoTorch,0.06767821134728136,2.484829894176603,0.8870384693145752,0.06694014370441437,0.011886142194271088,0.8934980034828186,0.9546405673027039,0.7264466881752014,0.01182241429511494,4,0.0001,128,0.01,sum,128
51,51,12_0,COMPLETED,BoTorch,0.045578588559789565,2.488174094230805,0.8876526355743408,0.04460330307483673,0.012835667468607426,0.8953917622566223,0.958520233631134,0.7163194417953491,0.012774262685798904,4,0.0001,128,0.01,sum,128
98,98,12_0,COMPLETED,BoTorch,0.053747301252142894,2.489788324798195,0.8903298377990723,0.05299706384539604,0.029048195108771324,0.890886127948761,0.9582369327545166,0.7225267291069031,0.028890806602910886,4,0.0001,128,0.01,sum,128
27,27,12_0,COMPLETED,BoTorch,0.07326647125690885,2.4931497408655807,0.8909204006195068,0.07277762144804001,0.012576780281960964,0.8967095613479614,0.9567968249320984,0.7211228013038635,0.012491690673078726,4,0.0001,128,0.01,sum,128
14,14,12_0,COMPLETED,BoTorch,0.04795085671312601,2.494207713554062,0.8903534412384033,0.04682382941246033,0.012639093212783337,0.8927010297775269,0.9574578404426575,0.7111533284187317,0.012549709257425613,4,0.0001,128,0.01,sum,128
63,63,12_0,COMPLETED,BoTorch,0.05882766343725538,2.4951754644856723,0.888046383857727,0.057799506932497025,0.012304005213081837,0.893419086933136,0.9570249915122986,0.7187724113464355,0.012229308802453638,4,0.0001,128,0.01,sum,128
10,10,10_0,COMPLETED,BoTorch,0.056747440140224197,2.4952752447949305,0.8927078247070312,0.055938322097063065,0.01393214426934719,0.8948552012443542,0.9578748941421509,0.7175341248512268,0.013867793541437792,4,0.0001845830538967081,128,0.01101012114108663,sum,128
58,58,12_0,COMPLETED,BoTorch,0.04419033547628273,2.4972364031031584,0.8929991722106934,0.04339213669300079,0.02698730118572712,0.8955890536308289,0.9558681845664978,0.7222822308540344,0.02679721000197443,4,0.0001,128,0.01,sum,128
85,85,12_0,COMPLETED,BoTorch,0.05436459813013818,2.4973183902143274,0.8927314281463623,0.05351787805557251,0.014652492478489876,0.8903337717056274,0.9531689882278442,0.7205233573913574,0.014519182042878808,4,0.0001,128,0.01,sum,128
52,52,12_0,COMPLETED,BoTorch,0.07131275690151649,2.4984593736821585,0.893975555896759,0.07075808942317963,0.012361805886030197,0.8983981609344482,0.957560122013092,0.7216196656227112,0.012267525479631516,4,0.0001,128,0.01,sum,128
82,82,12_0,COMPLETED,BoTorch,0.05112188526438278,2.504543032099321,0.8918967843055725,0.049928899854421616,0.025806017220020294,0.8933717608451843,0.958630383014679,0.7134405970573425,0.025694342673692888,4,0.0001,128,0.01,sum,128
54,54,12_0,COMPLETED,BoTorch,0.07005890697530172,2.5047301445156336,0.890180230140686,0.06922093033790588,0.012819278985261917,0.8939793109893799,0.9559626579284668,0.7222349047660828,0.012753061027926149,4,0.0001,128,0.01,sum,128
33,33,12_0,COMPLETED,BoTorch,0.04108437259220383,2.5048932004358293,0.8946290612220764,0.040117014199495316,0.013755551539361477,0.8949262499809265,0.9566315412521362,0.705805778503418,0.013684109884124357,4,0.0001,128,0.01,sum,128
90,90,12_0,COMPLETED,BoTorch,0.06252152378697998,2.506133414280501,0.8876605033874512,0.061774060130119324,0.019203798845410347,0.8885267972946167,0.9572138786315918,0.723118245601654,0.019122540534844676,4,0.0001,128,0.01,sum,128
55,55,12_0,COMPLETED,BoTorch,0.045793753641756994,2.507152488066372,0.8890463709831238,0.04486634209752083,0.012934745289385319,0.8927483558654785,0.9573476314544678,0.7161774635314941,0.01285449387415231,4,0.0001,128,0.01,sum,128
44,44,12_0,COMPLETED,BoTorch,0.0499971782047193,2.5074125259969997,0.8833927512168884,0.04916791990399361,0.015109460800886154,0.8922039270401001,0.9565292596817017,0.7177233695983887,0.015040481408822883,4,0.0001,128,0.01,sum,128
75,75,12_0,COMPLETED,BoTorch,0.05862211898981946,2.511583696246075,0.8903849720954895,0.05751766636967659,0.012773455120623112,0.8929061889648438,0.9577018022537231,0.715948760509491,0.012688603026123301,4,0.0001,128,0.01,sum,128
94,94,12_0,COMPLETED,BoTorch,0.07841845952625413,2.5118443957050736,0.8944085836410522,0.07771041989326477,0.019957376644015312,0.8949183225631714,0.9576230645179749,0.723599374294281,0.0198840921545781,4,0.0001,128,0.01,sum,128
36,36,12_0,COMPLETED,BoTorch,0.04915140240082463,2.512987700281936,0.88475501537323,0.048189595341682434,0.019983068108558655,0.8848812580108643,0.9541290402412415,0.7259813547134399,0.02000675109911312,4,0.0001,128,0.01,sum,128
43,43,12_0,COMPLETED,BoTorch,0.04995023202404235,2.517151450647891,0.8823061585426331,0.04898698627948761,0.014773077331483364,0.8875483274459839,0.9519256353378296,0.7149391770362854,0.014691865342913323,4,0.0001,128,0.01,sum,128
11,11,11_0,COMPLETED,BoTorch,0.05616650965462611,2.5191505111808192,0.8903692364692688,0.05529697611927986,0.016467802226543427,0.8931586742401123,0.9575915932655334,0.7004266381263733,0.016375815758065692,4,0.00019706674363609107,128,0.01,sum,128
13,13,12_0,COMPLETED,BoTorch,0.04624361139767378,2.5233774582123005,0.8917471766471863,0.04508243128657341,0.020023899152874947,0.8906257748603821,0.9567574262619019,0.7162405848503113,0.019994071766155436,4,0.0001,128,0.01,sum,128
30,30,30_0,COMPLETED,BoTorch,0.04822184933910092,2.5240172981781868,0.8911644816398621,0.047114741057157516,0.017131363973021507,0.892140805721283,0.9536490440368652,0.7181966304779053,0.01708714273369428,4,0.0001,128,0.01059538924113408,sum,128
60,60,12_0,COMPLETED,BoTorch,0.06384699061078933,2.5260746645316194,0.8925975561141968,0.06312969326972961,0.012432516552507877,0.8915963172912598,0.9576388001441956,0.7142608761787415,0.012361957058672187,4,0.0001,128,0.01,sum,128
16,16,16_0,COMPLETED,BoTorch,0.051839387858087574,2.528515800065135,0.8882747292518616,0.05091521143913269,0.011749012395739555,0.8922275900840759,0.958150327205658,0.7084558606147766,0.011668181019717628,4,0.0003426227432567526,128,0.01,sum,128
20,20,12_0,COMPLETED,BoTorch,0.042569100314263,2.5390944333873615,0.8834636211395264,0.04159499704837799,0.023243114352226257,0.8887240886688232,0.9584650993347168,0.7144501805305481,0.023083883780732894,4,0.0001,128,0.01,sum,128
31,31,31_0,COMPLETED,BoTorch,0.04345389215040554,2.5405335457254092,0.8887786269187927,0.04253499209880829,0.011525148525834084,0.8923065066337585,0.9561908841133118,0.7001742720603943,0.011465326204751302,4,0.0001,128,0.01068128502764598,sum,128
40,40,12_0,COMPLETED,BoTorch,0.07301300084127964,2.5426405174748123,0.8893140554428101,0.0722622498869896,0.016754575073719025,0.8925431966781616,0.9582526683807373,0.7163746953010559,0.016707966646667825,4,0.0001,128,0.01,sum,128
69,69,12_0,COMPLETED,BoTorch,0.06119058986456649,2.5429912016012715,0.887440025806427,0.060379233211278915,0.01619831658899784,0.8894500136375427,0.9551048874855042,0.7197346091270447,0.016027234277678926,4,0.0001,128,0.01,sum,128
83,83,12_0,COMPLETED,BoTorch,0.06013796337455222,2.5442109458256983,0.8897078037261963,0.05946841463446617,0.013686012476682663,0.8862384557723999,0.9567416906356812,0.7136693596839905,0.013609711135041367,4,0.0001,128,0.01,sum,128
80,80,12_0,COMPLETED,BoTorch,0.043920888194760074,2.5453749019471767,0.8885660767555237,0.04301364719867706,0.021274631842970848,0.8871538043022156,0.9568440318107605,0.7176050543785095,0.021213781739612227,4,0.0001,128,0.01,sum,128
23,23,23_0,COMPLETED,BoTorch,0.0467492228970655,2.547540175665206,0.8851251006126404,0.04585305228829384,0.020076895132660866,0.8905625939369202,0.9567416906356812,0.7070913910865784,0.01997061355889422,4,0.0001399310618327341,128,0.01,sum,128
34,34,12_0,COMPLETED,BoTorch,0.05137111604647729,2.5548600848511005,0.8906684517860413,0.05012970045208931,0.013667639344930649,0.8922512531280518,0.9576309323310852,0.7116501927375793,0.01360236455514593,4,0.0001,128,0.01,sum,128
76,76,12_0,COMPLETED,BoTorch,0.05026355107287759,2.555039312021391,0.8768100738525391,0.049223337322473526,0.015081134624779224,0.8861043453216553,0.9547429084777832,0.7158462405204773,0.014998191642095742,4,0.0001,128,0.01,sum,128
15,15,12_0,COMPLETED,BoTorch,0.049810444628729404,2.5569485528846676,0.8893613219261169,0.04872867092490196,0.02866317518055439,0.8928983211517334,0.9547586441040039,0.7114530205726624,0.028597360910865868,4,0.0001,128,0.01,sum,128
70,70,12_0,COMPLETED,BoTorch,0.042240022636443664,2.558102152237976,0.8889518976211548,0.04112023860216141,0.014635962434113026,0.8939319849014282,0.9575129151344299,0.7099071145057678,0.014565835996232564,4,0.0001,128,0.01,sum,128
64,64,12_0,COMPLETED,BoTorch,0.052367437956402606,2.5596538933572694,0.8830541968345642,0.051430221647024155,0.015509765595197678,0.8905705213546753,0.9556164145469666,0.7165008783340454,0.015450402542731716,4,0.0001,128,0.01,sum,128
96,96,12_0,COMPLETED,BoTorch,0.050293127490768155,2.559941357562264,0.8849596977233887,0.04937603324651718,0.013188714161515236,0.8885425925254822,0.9563482403755188,0.7115792036056519,0.013108501120389086,4,0.0001,128,0.01,sum,128
67,67,12_0,COMPLETED,BoTorch,0.05521378854235399,2.5627153398722267,0.88715660572052,0.054326049983501434,0.014240452088415623,0.8882427215576172,0.9579851031303406,0.7097572684288025,0.014122722082708067,4,0.0001,128,0.01,sum,128
29,29,29_0,COMPLETED,BoTorch,0.044909096530918936,2.5673093973360595,0.8818100690841675,0.04390047863125801,0.01575217768549919,0.8884005546569824,0.9513275623321533,0.7173053622245789,0.015681014188285013,4,0.0001,128,0.010786776886251292,sum,128
84,84,12_0,COMPLETED,BoTorch,0.06772489722781969,2.5680988435317014,0.8879203796386719,0.06690690666437149,0.012955548241734505,0.893150806427002,0.9570013880729675,0.7110350131988525,0.012895614125774902,4,0.0001,128,0.01,sum,128
39,39,12_0,COMPLETED,BoTorch,0.05658633970809214,2.5736790021013434,0.880408525466919,0.05545581877231598,0.013905287720263004,0.8871458768844604,0.9561042785644531,0.7125887870788574,0.013810862913655424,4,0.0001,128,0.01,sum,128
35,35,12_0,COMPLETED,BoTorch,0.05783398319216608,2.5751212545788116,0.8868573904037476,0.05690859258174896,0.013612108305096626,0.8865777850151062,0.9519256353378296,0.7124704718589783,0.01354582927831747,4,0.0001,128,0.01,sum,128
89,89,12_0,COMPLETED,BoTorch,0.049228725177281114,2.580017392731552,0.8871644735336304,0.04826907441020012,0.01360922958701849,0.8902943134307861,0.9561200141906738,0.7119972705841064,0.013633130009747247,4,0.0001,128,0.01,sum,128
24,24,12_0,COMPLETED,BoTorch,0.05029592399024269,2.5846342182383664,0.8815266489982605,0.049077775329351425,0.016038956120610237,0.8875799179077148,0.9564111828804016,0.7089843153953552,0.01590319883837862,4,0.0001,128,0.01,sum,128
81,81,12_0,COMPLETED,BoTorch,0.057555066692887,2.585406870228573,0.8796132206916809,0.056535881012678146,0.01833033375442028,0.8835397958755493,0.9566158056259155,0.7124310731887817,0.018253001520066585,4,0.0001,128,0.01,sum,128
18,18,12_0,COMPLETED,BoTorch,0.051937864858259276,2.587389734691208,0.8805817365646362,0.05078133940696716,0.015655694529414177,0.8835161328315735,0.9556872248649597,0.7147104740142822,0.015607892418081321,4,0.0001,128,0.01,sum,128
25,25,25_0,COMPLETED,BoTorch,0.05491841128728922,2.588452868633768,0.885644793510437,0.054133761674165726,0.01924830488860607,0.8878402709960938,0.9573555588722229,0.7007973790168762,0.019193180194757516,4,0.00018135595406985734,128,0.01,sum,128
87,87,12_0,COMPLETED,BoTorch,0.048114456127858855,2.592936691005253,0.8888888955116272,0.04703834280371666,0.02828219160437584,0.8894500136375427,0.9561042785644531,0.7091341614723206,0.028099871774032278,4,0.0001,128,0.01,sum,128
78,78,12_0,COMPLETED,BoTorch,0.06087978585686499,2.5967602710266715,0.8880621194839478,0.060015931725502014,0.02806004323065281,0.8905783891677856,0.9566079378128052,0.7050328254699707,0.02799155306324218,4,0.0001,128,0.01,sum,128
47,47,12_0,COMPLETED,BoTorch,0.05297896888070894,2.6033713839568415,0.8782037496566772,0.05178571119904518,0.01611720584332943,0.8810936808586121,0.9534758925437927,0.7052063345909119,0.016051993958507347,4,0.0001,128,0.01,sum,128
42,42,12_0,COMPLETED,BoTorch,0.04483508251752089,2.6057185884565115,0.8837549686431885,0.0436578206717968,0.017148442566394806,0.8857728838920593,0.953845739364624,0.7020751237869263,0.017073503577882804,4,0.0001,128,0.01,sum,128
97,97,12_0,COMPLETED,BoTorch,0.04435332766869693,2.6147126845689943,0.8849046230316162,0.043369125574827194,0.02591191977262497,0.8831374049186707,0.9570171236991882,0.706744372844696,0.025798769884751837,4,0.0001,128,0.01,sum,128
48,48,12_0,COMPLETED,BoTorch,0.06686063392937762,2.6155314475243676,0.8801171779632568,0.06606042385101318,0.017618807032704353,0.882577121257782,0.9543572664260864,0.7072964310646057,0.0175209287463606,4,0.0001,128,0.01,sum,128
93,93,12_0,COMPLETED,BoTorch,0.047848173968710946,2.622722756406925,0.8876132965087891,0.046598661690950394,0.013843259774148464,0.8877456188201904,0.9565528631210327,0.7083691358566284,0.013754147855402197,4,0.0001,128,0.01,sum,128
32,32,32_0,COMPLETED,BoTorch,0.05341297999313734,2.6265710297682623,0.8817470669746399,0.052224300801754,0.019525116309523582,0.8827822804450989,0.9546720385551453,0.7004897594451904,0.019402070079468987,4,0.0001,128,0.010560281542930485,sum,128
49,49,12_0,COMPLETED,BoTorch,0.04436441975672847,2.6393478148824814,0.8750777244567871,0.04338638111948967,0.016015343368053436,0.879034161567688,0.9509734511375427,0.711445152759552,0.0159746944199054,4,0.0001,128,0.01,sum,128
99,99,12_0,COMPLETED,BoTorch,0.0485592318101994,2.651015797232106,0.8732824921607971,0.04757799208164215,0.01568625681102276,0.8829243183135986,0.9535703063011169,0.704441249370575,0.015651981102176082,4,0.0001,128,0.01,sum,128
22,22,22_0,COMPLETED,BoTorch,0.05100306069243302,2.651748668194468,0.8740383982658386,0.049886349588632584,0.01616978831589222,0.8792314529418945,0.950863242149353,0.7050958871841431,0.01611919275222762,4,0.0001,256,0.01,sum,128
95,95,12_0,COMPLETED,BoTorch,0.06317416502578745,2.6664871612419057,0.8775501847267151,0.06235959380865097,0.01632644236087799,0.8814329504966736,0.9533578753471375,0.6972165703773499,0.01629527443929494,4,0.0001,128,0.01,sum,128
9,9,9_0,COMPLETED,Sobol,0.06441108575000347,3.072181621304198,0.8709202408790588,0.06321433931589127,0.015413349494338036,0.8691627979278564,0.951957106590271,0.601725697517395,0.01525403368422418,4,0.0007123006581692218,128,0.016368037085418573,sum,128
3,3,3_0,COMPLETED,Sobol,0.14757968709596153,3.9073423682847648,0.7826124429702759,0.142695814371109,0.019678395241498947,0.7642704844474792,0.9235405921936035,0.621364951133728,0.01961069326232938,2,0.0008802227321016593,256,0.01281482433257483,sum,128
79,79,79_0,COMPLETED,BoTorch,0.20665757184468428,3.9823502064185234,0.8009197115898132,0.20323142409324646,0.019684137776494026,0.804734468460083,0.9263342618942261,0.5090032815933228,0.01931716885092189,4,0.01,128,0.02879881835966599,sum,128
4,4,4_0,COMPLETED,Sobol,0.16368966687072828,4.130910566989875,0.7661083936691284,0.1610727608203888,0.01477282214909792,0.768878698348999,0.9211955070495605,0.5895320177078247,0.014392313004914418,2,0.006798744489941672,512,0.014659497468558654,sum,128
41,41,41_0,COMPLETED,BoTorch,0.03175841884018438,4.979449394430278,0.635438084602356,0.03107443079352379,0.011957477778196335,0.7476367354393005,0.8988227248191833,0.5016523599624634,0.011931367417417684,2,0.0001,512,0.01,max,128
1,1,1_0,COMPLETED,Sobol,0.040793840909033145,5.511949495529955,0.7734785079956055,0.04034528136253357,0.02039194665849209,0.7529708743095398,0.8907565474510193,0.2156214714050293,0.020151616752292347,4,0.00029413132884013236,512,0.020455714056727532,max,128
37,37,37_0,COMPLETED,BoTorch,0.1342193225344408,6.097882923154721,0.710588276386261,0.1308070570230484,0.031654082238674164,0.6546121835708618,0.8601208329200745,0.20905138552188873,0.031511080803946385,4,0.0001,512,0.1,sum,128
6,6,6_0,COMPLETED,Sobol,0.06665072948174569,6.4294344134881944,0.6640760898590088,0.06598863005638123,0.012485952116549015,0.6283594965934753,0.8373860716819763,0.2065984606742859,0.012180279452100541,4,0.0021138872518101184,512,0.031203678344553825,max,128
5,5,5_0,COMPLETED,Sobol,0.04648675973915938,6.67909596125749,0.6165875196456909,0.045833125710487366,0.012683616951107979,0.6286988258361816,0.8383618593215942,0.20562832057476044,0.012408632617805478,4,0.00035047997672635827,256,0.039436578351773444,max,128
2,2,2_0,COMPLETED,Sobol,0.10221092468037189,6.9302729102556855,0.5759178996086121,0.1007130891084671,0.01558065228164196,0.622843861579895,0.820427417755127,0.2059674710035324,0.015252329608045736,4,0.0048542703684471035,128,0.045971850882169055,max,128
8,8,8_0,COMPLETED,Sobol,0.06280643199977365,7.614823591967737,0.441546767950058,0.06236898899078369,0.005790612660348415,0.5651463866233826,0.8309803605079651,0.18085449934005737,0.005666083348824561,2,0.003285171097957902,256,0.03300587986238524,max,128
7,7,7_0,COMPLETED,Sobol,0.23073882964050885,7.617084161505031,0.5535791516304016,0.2252362221479416,0.010909628123044968,0.5129172205924988,0.8459952473640442,0.18853667378425598,0.010811332115921581,2,0.00011271059564696324,128,0.06295743798248213,sum,128
53,53,53_0,COMPLETED,BoTorch,0.3316892747161458,7.620361794636232,0.5629256963729858,0.3272361755371094,0.018219908699393272,0.5394618511199951,0.8481435775756836,0.1885603368282318,0.018056196585586926,2,0.01,512,0.05405632966639329,sum,128
0,0,0_0,COMPLETED,Sobol,0.3052124117763297,8.849752221871348,0.40152284502983093,0.29922574758529663,0.02194015309214592,0.4463426172733307,0.8238506317138672,0.18281841278076172,0.021851633648270544,2,0.0014528509914685322,256,0.09787123410578823,sum,128
46,46,46_0,COMPLETED,BoTorch,0.08832169515849317,10.449224253985307,0.14289088547229767,0.08744221180677414,0.0077197193168103695,0.17016491293907166,0.6834127902984619,0.18281841278076172,0.00757299869511168,2,0.0001,512,0.1,max,128
57,57,57_0,COMPLETED,BoTorch,0.2714250513072153,11.053736918687243,0.07091394066810608,0.2686028480529785,0.05008537322282791,0.17016491293907166,0.6347718238830566,0.18281841278076172,0.05018230686778004,4,0.01,128,0.1,max,128
